id,name,brand,price_ntd,thickness,weight,shape,core,surface,usapa_approved,description,tags,image_front
jnice-beginner-set,JNICE (久奈司) 匹克球入門雙拍套組,JNICE,1280,11mm,8.0 oz,標準型,Polymer Honeycomb,Fiberglass,FALSE,入門雙拍套組，初學者的熱門選擇,"新手推薦,雙拍套組,台灣品牌",https://raw.githubusercontent.com/princend/pickleball-linebot/main/data/images/no_image.png
success-budget-paddle,SUCCESS (成功體育) 平價碳纖維匹克球拍,SUCCESS,850,11mm,7.8 oz,標準型,Polymer Honeycomb,Carbon Fiber,FALSE,老字號體育品牌的超高性價比選擇,"極度平價,碳纖維,台灣品牌",https://raw.githubusercontent.com/princend/pickleball-linebot/main/data/images/no_image.png
tumaz-stylish-paddle,Tumaz (月熊) 質感輕量匹克球拍,Tumaz,1150,13mm,7.5 oz,標準型,Polymer Honeycomb,Fiberglass,FALSE,質感滿分，適合重視穿搭的玩家,"質感設計,輕量化,台灣品牌",https://raw.githubusercontent.com/princend/pickleball-linebot/main/data/images/no_image.png
franklin-sports-basic,Franklin Sports 休閒基礎玻纖套組,Franklin Sports,1450,14mm,8.1 oz,標準型,Polymer Honeycomb,Fiberglass,TRUE,Costco 等量販店常見的大廠入門套組,"大廠出品,高性價比,休閒套組",https://raw.githubusercontent.com/princend/pickleball-linebot/main/data/images/no_image.png
fit-monster-budget,FIT MONSTER (健身怪獸) 極致平價匹克球拍,FIT MONSTER,799,14mm,8.3 oz,標準型,Polymer Honeycomb,Fiberglass,FALSE,千元有找的電商新興品牌選擇,"極低預算,電商熱銷,新手體驗",https://raw.githubusercontent.com/princend/pickleball-linebot/main/data/images/no_image.png
blazestar-budget,BLAZESTAR 新手體驗匹克球拍,BLAZESTAR,899,14mm,8.0 oz,標準型,Polymer Honeycomb,Fiberglass,FALSE,輕鬆體驗匹克球樂趣的超值好拍,"極低預算,電商熱銷,新手體驗",https://raw.githubusercontent.com/princend/pickleball-linebot/main/data/images/no_image.png
decathlon-kuikma-open,Decathlon Kuikma Open,Decathlon,1249,14mm,8.0 oz,標準型,Polymer Honeycomb,Fiberglass,TRUE,適合剛接觸匹克球的新手，好打易上手,"新手推薦,高性價比,迪卡儂",https://contents.mediadecathlon.com/p2625292/k$30f7112002f5a019dc5db5a1dc71fbaf/sq/pickleball-paddle-open.jpg?format=auto&f=800x0
decathlon-kuikma-pro,Decathlon Kuikma Pro,Decathlon,2499,16mm,8.2 oz,標準型,Polymer Honeycomb,Carbon Fiber,TRUE,提供更好的力量與旋轉，適合進階玩家,"進階挑戰,迪卡儂,碳纖維",https://contents.mediadecathlon.com/p2625293/k$2c32cf9ff0fb3e9e3e7f45c92c89f5bc/sq/pickleball-paddle-pro.jpg?format=auto&f=800x0
prokennex-black-ace-pro,PROKENNEX Black Ace Pro,ProKennex,7200,11mm,7.9 oz,標準型,Kinetic System,Toray Carbon Fiber,TRUE,搭載動能微膠囊系統，物理減震最頂點,"物理減震,網球肘救星,台灣之光",https://raw.githubusercontent.com/princend/pickleball-linebot/main/data/images/no_image.png
prokennex-black-ace-ovation,PROKENNEX Black Ace Ovation,ProKennex,7200,11mm,7.9 oz,橢圓型,Kinetic System,Toray Carbon Fiber,TRUE,特殊的橢圓拍面設計，極速揮拍不震手,"極速破風,橢圓拍面,網球肘救星",https://raw.githubusercontent.com/princend/pickleball-linebot/main/data/images/no_image.png
slk-neo-set,SLK Neo (by Selkirk),SLK,2350,13mm,7.5 oz,標準型,Polymer Honeycomb,Fiberglass,TRUE,入門名拍,"入門名拍,Selkirk,俱樂部推薦",https://raw.githubusercontent.com/princend/pickleball-linebot/main/data/images/no_image.png
slk-latitude,SLK Latitude / Atlas,SLK,2850,14mm,7.7 oz,寬體型,Polymer Honeycomb,Graphite,TRUE,加大的甜區對擊球失誤容忍度極高,"超大甜區,高容錯率,新手升級",https://raw.githubusercontent.com/princend/pickleball-linebot/main/data/images/no_image.png
head-radical-elite,Head Radical Elite,Head,2900,15mm,8.1 oz,標準型,Polymer Honeycomb,Fiberglass,TRUE,配色搶眼且控球穩定,"網球大廠,吸震人體工學,配色搶眼",https://raw.githubusercontent.com/princend/pickleball-linebot/main/data/images/no_image.png
head-gravity-lite,Head Gravity Lite,Head,3200,14mm,7.6 oz,寬體型,Polymer Honeycomb,Hybrid,TRUE,輕量操控的款式,"輕量敏捷,網前靈活,網球大廠",https://raw.githubusercontent.com/princend/pickleball-linebot/main/data/images/no_image.png
